Employee_ID,Name,Age,Gender,Department,City,Experience_Years,Salary,Performance_Score,Projects_Completed,Working_Hours_Per_Week,Job_Satisfaction
1001,Karan,28,Female,Finance,Aurangabad,10.9,59529,7.7,5,36.0,4.0
1002,Meera,29,Male,Sales,Aurangabad,9.2,100703,1.3,15,32.0,5.0
1003,Pooja,25,Male,Marketing,Nagpur,6.3,101090,6.1,13,32.0,1.0
1004,Neha,21,Female,HR,Nashik,14.0,42260,7.9,8,47.0,1.0
1005,Harsh,39,Female,Sales,Pune,13.0,28812,8.9,1,34.0,3.0
1006,Rahul,31,Male,IT,Mumbai,7.5,75000,8.2,10,40.0,4.0
1007,Priya,27,Female,Finance,Pune,5.8,68000,7.5,6,38.0,4.0
1008,Aditya,35,Male,Marketing,Nagpur,8.4,82000,6.8,9,42.0,3.0
1009,Anjali,30,Female,HR,Nashik,6.2,54000,8.5,7,37.0,5.0
1010,Rohit,40,Male,Sales,Mumbai,12.5,95000,7.1,12,45.0,3.0
1011,Harsh,44,Male,HR,Pune,2.3,96158,4.6,5,31.0,9.0
1012,Priya,37,Male,Marketing,Mumbai,11.5,41389,5.2,0,,
